1,JosumozzJ2@gmail.com
2,S7QtjHUuyi@gmail.com
3,SWqF6M8olc@gmail.com
4,SqlG6ebHtp@gmail.com
5,5zjtV30DNt@gmail.com
6,noR1OAKIuG@gmail.com
7,wNMgbZxNMg@gmail.com
8,3mV06z6QFg@gmail.com
9,hYiNiz8kGJ@gmail.com
10,xn24xBOyDd@gmail.com
11,0YpBYfPnS4@gmail.com
12,hgWtS7VVnp@gmail.com
13,zaJqS7h1Pw@gmail.com
14,eUhLEfcHkY@gmail.com
15,U8hcaknp1N@gmail.com
16,Q2TSB5qv38@gmail.com
17,Cbx9Sfy1ER@gmail.com
18,7QW1OHakhP@gmail.com
19,AtAoxUSfJS@gmail.com
20,kYdXLZzzsR@gmail.com
21,gCq8r7tD9T@gmail.com
22,6q7QZDwzIu@gmail.com
23,naYI6YMpjM@gmail.com
24,5xndV99ysR@gmail.com
25,bFMEjVoKob@gmail.com
26,E46Cs42HIe@gmail.com
27,MtUmJDcx2w@gmail.com
28,H285uQUwsw@gmail.com
29,86l55Lv9cO@gmail.com
30,JjBEOOs0kU@gmail.com
31,GUUROLlrwW@gmail.com
32,jtn6WuVCyb@gmail.com
33,yYIADPeD7z@gmail.com
34,z36bjxxtlr@gmail.com
35,maILV9IY7G@gmail.com
36,RNRzGzmXEX@gmail.com
37,HhTy0DrWaC@gmail.com
38,atN4e3XBna@gmail.com
39,PT7Iy9IKN0@gmail.com
40,o0eNwvrN1t@gmail.com
41,8gVO0nlYAk@gmail.com
42,tApkdD3Ryl@gmail.com
43,pC8oNaM0VS@gmail.com
44,bjE32FEY7g@gmail.com
